epoch,train_loss,validation_top1,validation_top3,validation_top5,validation_mrr,training_seconds
1,5.142976462841034,0.5234375,0.7109375,0.765625,0.6313383422585188,0.09
2,4.705889582633972,0.4921875,0.6875,0.75,0.610519421280552,0.14
3,4.422592580318451,0.5703125,0.78125,0.8359375,0.6871303019160135,0.19
4,3.9499177038669586,0.671875,0.8359375,0.8828125,0.77139545120933,0.25
5,3.6105989813804626,0.5859375,0.859375,0.8984375,0.730387174674284,0.31
6,3.5394657254219055,0.6015625,0.828125,0.859375,0.7221277051891505,0.35
7,3.464930444955826,0.625,0.8515625,0.890625,0.7491807220728941,0.4
8,3.3542359471321106,0.609375,0.8359375,0.875,0.7345636824184468,0.44
9,3.2867014408111572,0.6875,0.859375,0.890625,0.7884379973944706,0.49
10,3.1979604065418243,0.6328125,0.890625,0.90625,0.7636353793775669,0.54
11,3.1139974892139435,0.6328125,0.8671875,0.8984375,0.7560127546065045,0.58
12,3.0305314660072327,0.6328125,0.8515625,0.8828125,0.7501674504604192,0.62
13,2.953613728284836,0.609375,0.8671875,0.8984375,0.7436239772644324,0.66
14,2.8821530640125275,0.65625,0.875,0.9140625,0.7726005712927193,0.7
15,2.8077698051929474,0.625,0.859375,0.8984375,0.7456693174064498,0.74
16,2.740352123975754,0.6484375,0.875,0.921875,0.7647238471265558,0.77
17,2.6671030819416046,0.65625,0.8828125,0.9140625,0.7693953977157102,0.81
18,2.6084043979644775,0.6640625,0.8828125,0.9140625,0.77434613997114,0.85
19,2.5344443917274475,0.6796875,0.859375,0.9140625,0.7760256953916809,0.89
20,2.4797827303409576,0.640625,0.875,0.9140625,0.7589234329107298,0.92
